-- MySQL dump 10.13  Distrib 8.0.22, for Win64 (x86_64)
--
-- Host: localhost    Database: tg_contasareceber
-- ------------------------------------------------------
-- Server version	5.7.31

/*!40101 SET @OLD_CHARACTER_SET_CLIENT=@@CHARACTER_SET_CLIENT */;
/*!40101 SET @OLD_CHARACTER_SET_RESULTS=@@CHARACTER_SET_RESULTS */;
/*!40101 SET @OLD_COLLATION_CONNECTION=@@COLLATION_CONNECTION */;
/*!50503 SET NAMES utf8 */;
/*!40103 SET @OLD_TIME_ZONE=@@TIME_ZONE */;
/*!40103 SET TIME_ZONE='+00:00' */;
/*!40014 SET @OLD_UNIQUE_CHECKS=@@UNIQUE_CHECKS, UNIQUE_CHECKS=0 */;
/*!40014 SET @OLD_FOREIGN_KEY_CHECKS=@@FOREIGN_KEY_CHECKS, FOREIGN_KEY_CHECKS=0 */;
/*!40101 SET @OLD_SQL_MODE=@@SQL_MODE, SQL_MODE='NO_AUTO_VALUE_ON_ZERO' */;
/*!40111 SET @OLD_SQL_NOTES=@@SQL_NOTES, SQL_NOTES=0 */;

--
-- Table structure for table `tb_cliente`
--

DROP TABLE IF EXISTS `tb_cliente`;
/*!40101 SET @saved_cs_client     = @@character_set_client */;
/*!50503 SET character_set_client = utf8mb4 */;
CREATE TABLE `tb_cliente` (
  `cl_cnpj` varchar(30) COLLATE utf8_unicode_ci NOT NULL,
  `CL_NOME` varchar(30) COLLATE utf8_unicode_ci NOT NULL,
  `CL_RESPONSAVEL` varchar(50) COLLATE utf8_unicode_ci DEFAULT NULL,
  `CL_ENDERECO` varchar(50) COLLATE utf8_unicode_ci DEFAULT NULL,
  `CL_CEP` int(11) DEFAULT NULL,
  `CL_TELEFONE` int(11) NOT NULL,
  `CL_BAIRRO` varchar(30) COLLATE utf8_unicode_ci NOT NULL,
  `CL_CIDADE` varchar(30) COLLATE utf8_unicode_ci NOT NULL,
  `CL_EMAIL` varchar(50) COLLATE utf8_unicode_ci NOT NULL,
  `CL_PONTUACAO` int(11) DEFAULT NULL,
  PRIMARY KEY (`cl_cnpj`)
) ENGINE=InnoDB DEFAULT CHARSET=utf8 COLLATE=utf8_unicode_ci;
/*!40101 SET character_set_client = @saved_cs_client */;

--
-- Dumping data for table `tb_cliente`
--

LOCK TABLES `tb_cliente` WRITE;
/*!40000 ALTER TABLE `tb_cliente` DISABLE KEYS */;
INSERT INTO `tb_cliente` VALUES ('10299047000151','Wise S/A','Vitor Rodrigo Melo','Rua Antonio Soares da Silva, 822',15975214,1536636638,'Jardim Novo Mundo','Votorantim','tg_contasareceber@hotmail.com',1000),('11627284000167','Fascinacao Empreiteria','Josefa Barbara Eduarda Caldeira','Rua Sabia, 300',15975214,1535089669,'Ana Maria','Sorocaba','tg_contasareceber@hotmail.com',1000),('19218190000146','Consultoria Flip','Mariane Fabiana Nair Teixeira','Rua Isaac Pacheco, 976',15975214,1536974422,'Vila Hortencia','Sorocaba','tg_contasareceber@hotmail.com',1000),('24580856000141','Like Consultoria','Diogo Tiago Sales','Alameda das Verbenas, 786',15975214,1525940913,'Jardim Simus','Sorocaba','tg_contasareceber@hotmail.com',1000),('28635168000192','Hip Empreiteira','Allana Isabelle Pinto','Rua Jose Mendes, 561',15975214,1527334192,'Itavuvu','Sorocaba','tg_contasareceber@hotmail.com',1000),('30725000122','Ascender S/A','Sarah Fabiana Sales','Rua Jorge Mayucho, 502',15975214,1535711272,'Santa Maria','Votorantim','tg_contasareceber@hotmail.com',1000),('30936416000187','Altus Materiais','Vera Vanessa da Paz','Viela Janete Sanches Molina Foramiglio, 419',15975214,1539737285,'Colorau','Sorocaba','tg_contasareceber@hotmail.com',1000),('33508908000160','Destino Construtora','Kaique Breno Campos','Praca Clotilde Maral, 927',15975214,1528752529,'Jardim Paulistano','Sorocaba','tg_contasareceber@hotmail.com',1000),('33964302000139','HappyLife Construtora','Jessica Alessandra Novaes','Rua Adao Martins, 523',15975214,1526847790,'Jardim Tatiana','Votorantim','tg_contasareceber@hotmail.com',1000),('36852698000110','Helpful Construtora','Vitor Benedito Gomes','Rua Doutor Roque Antenor Passaro, 71',15975214,1525183886,'Botucatu','Sorocaba','tg_contasareceber@hotmail.com',1000),('38354404000156','Construtora Carma','Simone Yasmin Moreira','Rua Waldomiro Vicente da Silva, 678',15975214,1537893206,'Ipiranga','Sorocaba','tg_contasareceber@hotmail.com',1000),('4439769000161','Bloco Materiais','Catarina Raquel Pinto','Rua Eugenio Salerno, 507',15975214,1529683724,'Centro','Sorocaba','tg_contasareceber@hotmail.com',1000),('48766038000104','SafeWay Construtora','Thales Mario Jorge Duarte','Rua Doutor Antonio Vial, 23',15975214,1538856259,'Chacara Ondina','Sorocaba','tg_contasareceber@hotmail.com',1000),('49903568000101','Dark Consultoria','Fabio Kaue Ricardo Vieira','Rua Jose Rodrigues da Silva, 766',15975214,1527539357,'Jardim Eden ville','Sorocaba','tg_contasareceber@hotmail.com',1000),('51519374000159','Empreiteira Builders','Rafael Caue Sales','Rua Aureliano Cesar do Nascimento, 362',15975214,1525684456,'Iporanga','Sorocaba','tg_contasareceber@hotmail.com',1000),('52897501000116','Big Time Materiais','Gabriela Ana Adriana Melo','Rua Pedro Theodoro de Almeida, 790',15975214,1538837484,'Jardim Rosalia Alcolea','Sorocaba','tg_contasareceber@hotmail.com',1000),('53817302000113','Construtora Yard','Benjamin Manoel da Cruz','Rua Antonio Palerno, 533',15975214,1535483671,'Jardim Araujo','Votorantim','tg_contasareceber@hotmail.com',1000),('60975642000138','Maxi Construtora','Silvana Stefany Julia Goncalves','Rua Azulao, 433',15975214,1539046694,'Ana Maria','Sorocaba','tg_contasareceber@hotmail.com',1000),('62457825000197','Starlight Empreiteira','Allana Claudia da Rocha','Rua Edson Silveira Swain, 412',15975214,1126382014,'Vila Galvao','Jundiai','tg_contasareceber@hotmail.com',1000),('62984633000139','Impressive Construtora','Lorenzo Caue Felipe Nunes','Rua Eli Antonio Lopes Maturana, 442',15975214,1528457911,'Votorantim Park I','Votorantim','tg_contasareceber@hotmail.com',1000),('65570831000144','Cranberry Construtora','Debora Alicia Dias','Rua Auta L. Paschoalick, 271',15975214,1537308591,'Jardim Magnolias','Sorocaba','tg_contasareceber@hotmail.com',1000),('66129217000104','Freedom Empreiteira','Eloa Helena Goncalves','Avenida Antonio Comitre, 669',15975214,1529059593,'Itavuvu','Sorocaba','tg_contasareceber@hotmail.com',1000),('67095321000198','Trevo Empreiteira','Diego Sergio Moura','Rua Raul Pompeia, 656',15975214,1525380627,'Vila Jardini','Sorocaba','tg_contasareceber@hotmail.com',1000),('67226227000120','Spin Construtora','Thiago Caleb Moura','Rua da Fe, 543',15975214,1529060508,'Jardim Santa Fe','Sorocaba','tg_contasareceber@hotmail.com',1000),('67447579000106','Consultoria Max','Ryan Mario Baptista','Rua Paulo Costa Filho, 155',15975214,1129214797,'Corrupira','Jundiai','tg_contasareceber@hotmail.com',1000),('69710734000160','Materiais PowerPlay','Benício Luan Moura','Rua Lazaro de Oliveira, \n400',15975214,1526354933,'Lopes de Oliveira','Sorocaba','tg_contasareceber@hotmail.com',1000),('72742013000147','Urbano Construtora','Raimundo Lorenzo Ruan Aparicio','Rua Padre Manoel da Nobrega, 576',15975214,1136614561,'Vila Santana I','Jundiai','tg_contasareceber@hotmail.com',1000),('73538193000102','Nano Materiais','Nina Vitoria Renata Cavalcanti','Praca Interact, 288',15975214,1525890557,'Santa Rosalia','Sorocaba','tg_contasareceber@hotmail.com',1000),('7809940000175','FrontLine Construtora','Danilo Thales Rodrigues','Avenida Gisele Constantino, 766',15975214,1526392756,'Parque Bela Vista','Votorantim','tg_contasareceber@hotmail.com',1000),('78638138000108','Elite Construtora','Marcia Elaine Manuela Melo','Rua Jose Maria Palma, 808',15975214,1529436302,'Jardim Santa Catarina','Sorocaba','tg_contasareceber@hotmail.com',1000),('78922477000111','Mogol Consultoria','Emanuelly Rafaela Silvana Sales','Rua Marques de Monte Alegre, 419',15975214,1529896307,'Vila Assis','Sorocaba','tg_contasareceber@hotmail.com',1000),('79102717000102','RockLand Construtora','Henrique Bento Paulo Ferreira','Rua Proenca de Andrade',15975214,1527330884,'Humberto de Campos','Sorocaba','tg_contasareceber@hotmail.com',1000),('81208833000144','OnDemand Construtora','Davi Ian Marcio Fernandes','Rua Coronel José de Barros, 628',15975214,1526714846,'Centro','Sorocaba','tg_contasareceber@hotmail.com',1000),('8286450000102','Empreiteira Imagem','Fabiana Claudia Heloise Cardoso','Rua Nove, 105',15975214,1525384299,'Lopes de Oliveira','Sorocaba','tg_contasareceber@hotmail.com',1000),('83119539000191','Unido Empreiteira','Mariana Larissa Souza','Rua Guilherme Maganhato, 441',15975214,1537488381,'Vila Domingues','Votorantim','tg_contasareceber@hotmail.com',1000),('84223467000190','Mestres Empreiteira','Yago Leonardo Assuncao','Rua Inocencio Mazzuia, 934',15975214,1137744028,'Jardim Guanabara','Jundiai','tg_contasareceber@hotmail.com',1000),('89403040000198','OpenMind Empreiteira','Andreia Melissa Sales','Avenida Iporanga, 502',15975214,1526403834,'Eden','Sorocaba','tg_contasareceber@hotmail.com',1000),('90006019000138','Academico Construtora','Anthony Matheus Lima','Rua Darlene dos Santos, 916',15975214,1537925791,'Vila Domingues','Votorantim','tg_contasareceber@hotmail.com',1000),('90610116000135','CyberSpace Consultoria','Pietro Bernardo Yago Aragao','Rua da Penha, 564',15975214,1536159357,'Centro','Sorocaba','tg_contasareceber@hotmail.com',1000),('91242732000143','Provide Empreiteira','Juan Martin Leandro dos Santos','Rua Adelaide Lima Marcello,766',15975214,1527147611,'Jardim Sol Nascente','Sorocaba','tg_contasareceber@hotmail.com',1000),('92634731000107','Focal Point S/A','Isabelle Julia Claudia Ferreira','Rua Rafael Martins, 622',15975214,1535452128,'Vila Votocel','Votorantim','tg_contasareceber@hotmail.com',1000),('93181639000100','High Line Empreiteira','Lais Sophia Almeida','Avenida Jose Goncalves Romero, 541',15975214,1526625698,'Jardim Europa','Votorantim','tg_contasareceber@hotmail.com',1000),('94129732000120','Bussola Empreiteira','Calebe Vinicius Assis','Rua Sidnei Aparecido Fogaca, 448',15975214,1527089293,'Votorantim Park II','Votorantim','tg_contasareceber@hotmail.com',1000),('94984058000160','Imediato Materiais','Luzia Yasmin Brito','Rua Luiza Marangoni Borge, 876',15975214,1526882402,'Cajuru do Sul','Sorocaba','tg_contasareceber@hotmail.com',1000),('96027288000167','True North Construtora','Larissa Analu Novaes','Avenida Matheus Conegero, 449',15975214,1538959741,'Parque Bela Vista','Votorantim','tg_contasareceber@hotmail.com',1000),('97217647000101','Swipe Empreiteira','Luciana Stefany Alessandra Pires','Rua Osvaldo Oliveira Duarte,505',15975214,1538692520,'Jardim Nilton Torres','Sorocaba','tg_contasareceber@hotmail.com',1000),('97690452000184','Construtora Modelo','Murilo Isaac Monteiro','Avenida Sao Camilo, 795',15975214,1139824201,'Jardim Sao Camilo Novo','Jundiai','tg_contasareceber@hotmail.com',1000);
/*!40000 ALTER TABLE `tb_cliente` ENABLE KEYS */;
UNLOCK TABLES;

--
-- Table structure for table `tb_contaareceber`
--

DROP TABLE IF EXISTS `tb_contaareceber`;
/*!40101 SET @saved_cs_client     = @@character_set_client */;
/*!50503 SET character_set_client = utf8mb4 */;
CREATE TABLE `tb_contaareceber` (
  `CO_IDCONTA` int(11) NOT NULL,
  `CO_IDCLIENTE` varchar(30) COLLATE utf8_unicode_ci DEFAULT NULL,
  `CO_DATAEMISSAO` date DEFAULT NULL,
  `CO_DATAVENCIMENTO` date DEFAULT NULL,
  `CO_VALOR` decimal(8,2) NOT NULL,
  `CO_AGENCIA` varchar(7) COLLATE utf8_unicode_ci NOT NULL,
  `CO_BANCO` int(11) NOT NULL,
  `CO_CONTABANCARIA` varchar(8) COLLATE utf8_unicode_ci NOT NULL,
  `CO_SITUACAO` varchar(30) COLLATE utf8_unicode_ci NOT NULL,
  PRIMARY KEY (`CO_IDCONTA`),
  KEY `FK_CONTABANCARIA` (`CO_CONTABANCARIA`),
  KEY `CO_IDCLIENTE` (`CO_IDCLIENTE`),
  CONSTRAINT `FK_CLIENTE_CNPJ` FOREIGN KEY (`CO_IDCLIENTE`) REFERENCES `tb_cliente` (`cl_cnpj`),
  CONSTRAINT `FK_CONTABANCARIA` FOREIGN KEY (`CO_CONTABANCARIA`) REFERENCES `tb_contabancaria` (`cb_contabancaria`),
  CONSTRAINT `tb_contaareceber_ibfk_1` FOREIGN KEY (`CO_IDCLIENTE`) REFERENCES `tb_cliente` (`cl_cnpj`)
) ENGINE=InnoDB DEFAULT CHARSET=utf8 COLLATE=utf8_unicode_ci;
/*!40101 SET character_set_client = @saved_cs_client */;

--
-- Dumping data for table `tb_contaareceber`
--

LOCK TABLES `tb_contaareceber` WRITE;
/*!40000 ALTER TABLE `tb_contaareceber` DISABLE KEYS */;
INSERT INTO `tb_contaareceber` VALUES (111,'30725000122','2020-11-11','2020-11-27',111.12,'1551-9',431,'96701-1','Aguardando Remessa'),(112,'30725000122','2020-11-09','2020-11-19',111.11,'123',431,'123','Em Aberto'),(121,'30725000122','2020-11-09','2020-11-11',111.11,'123',431,'123','Atrasada'),(141,'30725000122','2020-11-14','2020-11-25',123.55,'1551-9',431,'96701-1','Paga'),(144,'30725000122','2020-11-10','2020-11-27',123.45,'123',431,'123','Em Aberto'),(2343,'30725000122','2020-11-11','2020-11-23',3243.44,'1551-9',431,'96701-1','Em Aberto'),(10012657,'52897501000116','2019-11-23','2019-12-23',1943.66,'6417-7',431,'25633-6','Atrasada'),(10495533,'52897501000116','2020-06-27','2020-07-27',4287.49,'9115-8',431,'28123-3','Atrasada'),(11170594,'51519374000159','2020-04-14','2020-05-14',4522.53,'6714-8',431,'27408-9','Atrasada'),(11262457,'89403040000198','2019-11-13','2019-12-13',7722.95,'3890-8',431,'49103-1','Atrasada'),(11295857,'28635168000192','2020-01-02','2020-02-01',4587.27,'9176-1',431,'19849-0','Atrasada'),(11392135,'8286450000102','2019-11-22','2019-12-22',3827.36,'1318-5',431,'38874-9','Atrasada'),(11544574,'8286450000102','2020-01-30','2020-02-29',484.76,'8705-2',431,'35462-7','Atrasada'),(11593772,'92634731000107','2020-11-11','2020-12-04',6767.52,'6786-2',431,'76886-0','Paga'),(11618896,'94129732000120','2019-12-21','2020-01-20',3725.27,'1183-3',431,'45020-0','Atrasada'),(11635747,'10299047000151','2019-11-30','2019-12-30',6481.40,'4653-7',431,'14894-9','Atrasada'),(11786945,'36852698000110','2020-05-22','2020-06-21',4200.81,'9077-7',431,'21657-6','Atrasada'),(11922368,'79102717000102','2020-03-06','2020-04-05',5259.05,'1775-9',431,'87806-4','Atrasada'),(11947809,'78922477000111','2019-12-06','2020-01-05',2603.91,'4053-8',431,'58129-5','Atrasada'),(12121212,'30725000122','2020-11-11','2020-11-19',123.33,'1597-5',431,'13741-4','Em Aberto'),(12321321,'30725000122','2020-11-14','2020-11-11',12.00,'1551-9',431,'96701-1','Em Aberto'),(44444444,'4439769000161','2020-11-10','2020-11-20',123.56,'8747-0',431,'24525-8','Em Aberto'),(50336198,'62984633000139','2020-06-30','2020-07-30',8150.57,'9785-5',431,'45588-9','Atrasada'),(50702925,'11627284000167','2020-09-10','2020-10-10',3825.74,'8207-6',431,'35629-5','Atrasada'),(50748575,'30725000122','2020-04-20','2020-05-20',1045.85,'7533-1',431,'31003-2','Atrasada'),(50806504,'4439769000161','2020-02-28','2020-03-29',4006.05,'8747-0',431,'24525-8','Atrasada'),(51154094,'24580856000141','2020-06-30','2020-07-30',7982.84,'5767-8',431,'21819-9','Atrasada'),(52043754,'78638138000108','2020-09-09','2020-10-09',8853.91,'5459-9',431,'23508-9','Atrasada'),(52300850,'93181639000100','2020-03-22','2020-04-21',6462.97,'6032-3',431,'75553-1','Atrasada'),(53820888,'73538193000102','2020-09-15','2020-10-15',4652.52,'6055-7',431,'98181-2','Atrasada'),(54201748,'66129217000104','2019-11-14','2019-12-14',5660.79,'1235-4',431,'29920-1','Atrasada'),(55133879,'69710734000160','2020-09-16','2020-10-16',935.89,'6944-3',431,'98989-1','Atrasada'),(55779966,'94129732000120','2020-11-24','2020-12-24',7686.13,'1299-5',431,'18912-2','Em Aberto'),(56434537,'30725000122','2020-03-28','2020-04-27',4282.42,'1551-9',431,'96701-1','Atrasada'),(57961451,'49903568000101','2020-11-04','2020-12-04',7655.84,'1641-2',431,'82039-5','Em Aberto'),(58321195,'72742013000147','2020-02-09','2020-03-10',5558.45,'7129-0',431,'48882-2','Atrasada'),(58418981,'67095321000198','2020-03-20','2020-04-19',2916.93,'4170-3',431,'44499-6','Atrasada'),(59077106,'84223467000190','2020-03-13','2020-04-12',6628.22,'6673-5',431,'55233-9','Atrasada'),(59280364,'4439769000161','2020-03-21','2020-04-20',3540.16,'2595-9',431,'29932-6','Atrasada'),(59494167,'33508908000160','2019-11-26','2019-12-26',8297.12,'3287-6',431,'26380-0','Atrasada'),(60038808,'11627284000167','2020-06-15','2020-07-15',5122.33,'8672-4',431,'69007-4','Atrasada'),(61534371,'28635168000192','2020-08-18','2020-09-17',1316.33,'3608-4',431,'82366-9','Atrasada'),(62538202,'65570831000144','2020-04-25','2020-05-25',1088.68,'4897-6',431,'64154-6','Atrasada'),(62648364,'96027288000167','2020-10-03','2020-11-02',3340.88,'5521-3',431,'78593-0','Atrasada'),(63994322,'60975642000138','2020-05-12','2020-06-11',2261.28,'1874-6',431,'17530-1','Atrasada'),(65406441,'81208833000144','2020-02-25','2020-03-26',1441.64,'5379-5',431,'59889-1','Atrasada'),(65852039,'65570831000144','2020-09-05','2020-10-05',3041.00,'9632-8',431,'41021-4','Atrasada'),(65916550,'97217647000101','2019-12-29','2020-01-28',2065.21,'1896-6',431,'86729-0','Atrasada'),(67656635,'33508908000160','2020-04-29','2020-05-29',6620.73,'2220-2',431,'18662-7','Atrasada'),(69882945,'97217647000101','2020-09-25','2020-10-25',5110.61,'8846-3',431,'84504-5','Atrasada'),(70480059,'10299047000151','2020-01-03','2020-02-02',2522.14,'5471-7',431,'37692-7','Atrasada'),(71110677,'49903568000101','2020-08-27','2020-09-26',6606.28,'3926-2',431,'42452-1','Atrasada'),(71521562,'81208833000144','2020-05-06','2020-06-05',7295.14,'6856-7',431,'84975-9','Atrasada'),(72895119,'69710734000160','2019-11-22','2019-12-22',1541.86,'9823-1',431,'28911-3','Atrasada'),(74643160,'19218190000146','2019-12-08','2020-01-07',8292.88,'8837-0',431,'34870-7','Atrasada'),(75608948,'51519374000159','2020-09-01','2020-10-01',2083.79,'6064-6',431,'53987-1','Atrasada'),(78534917,'97690452000184','2019-11-16','2019-12-16',5380.46,'7710-8',431,'86687-9','Atrasada'),(78839022,'96027288000167','2020-06-13','2020-07-13',1839.31,'7825-5',431,'99636-5','Atrasada'),(79100629,'38354404000156','2020-03-18','2020-04-17',2698.09,'8857-6',431,'58973-9','Atrasada'),(79254984,'78922477000111','2020-05-09','2020-06-08',4267.68,'6259-6',431,'89269-1','Atrasada'),(79272494,'7809940000175','2020-11-12','2020-12-12',7418.49,'7190-5',431,'96904-0','Em Aberto'),(80504600,'89403040000198','2020-08-27','2020-09-26',2008.94,'9718-0',431,'15926-6','Atrasada'),(80691470,'62984633000139','2020-02-23','2020-03-24',3195.74,'1138-4',431,'19895-6','Atrasada'),(81059547,'53817302000113','2020-04-02','2020-05-02',8880.01,'7746-2',431,'21260-4','Atrasada'),(81085328,'11627284000167','2020-06-13','2020-07-13',5710.69,'3804-4',431,'84602-6','Atrasada'),(81596453,'38354404000156','2020-01-09','2020-02-08',5821.35,'7338-4',431,'24189-1','Atrasada'),(81643526,'78638138000108','2020-09-30','2020-10-30',3249.47,'5592-5',431,'29931-0','Atrasada'),(82067484,'83119539000191','2020-01-24','2020-02-23',3916.96,'3743-5',431,'40389-8','Atrasada'),(82736668,'94984058000160','2020-10-04','2020-11-03',2574.06,'5392-9',431,'44906-1','Atrasada'),(85695650,'33964302000139','2020-08-08','2020-09-07',6929.78,'4575-0',431,'64266-8','Atrasada'),(86113168,'62984633000139','2020-03-20','2020-04-19',8886.21,'4767-2',431,'12280-7','Atrasada'),(86294769,'97217647000101','2020-11-10','2020-12-10',4881.68,'5680-0',431,'79292-2','Em Aberto'),(87180514,'33508908000160','2020-05-14','2020-06-13',3260.16,'5253-1',431,'84456-9','Atrasada'),(87868006,'19218190000146','2020-03-21','2020-04-20',1445.15,'6588-5',431,'66566-7','Atrasada'),(90330538,'67447579000106','2020-01-12','2020-02-11',6826.15,'2244-1',431,'97697-3','Atrasada'),(90782914,'4439769000161','2020-04-02','2020-05-02',7394.58,'8577-4',431,'19272-9','Atrasada'),(91570236,'67226227000120','2019-12-05','2020-01-04',6146.72,'8148-6',431,'57832-5','Atrasada'),(91677879,'93181639000100','2020-07-17','2020-08-16',2238.36,'9735-3',431,'74366-4','Atrasada'),(94654412,'49903568000101','2020-11-12','2020-12-12',3860.71,'1193-8',431,'99881-4','Em Aberto'),(95698650,'67226227000120','2019-12-21','2020-01-20',8810.88,'6673-7',431,'66197-3','Atrasada'),(95894353,'36852698000110','2019-11-12','2019-12-12',6369.32,'2900-8',431,'42174-3','Atrasada'),(96153761,'89403040000198','2020-04-23','2020-05-23',4789.95,'9898-9',431,'65537-1','Atrasada'),(97773216,'53817302000113','2020-08-17','2020-09-16',2088.70,'2311-1',431,'82929-2','Atrasada'),(98119831,'90006019000138','2019-11-19','2019-12-19',6576.41,'9817-4',431,'92200-8','Atrasada'),(98711076,'67095321000198','2020-05-27','2020-06-26',1907.47,'6980-9',431,'20900-2','Atrasada'),(98763920,'91242732000143','2020-11-08','2020-09-22',6738.71,'8941-7',431,'79509-1','Atrasada'),(98833472,'73538193000102','2019-12-08','2020-01-07',8567.55,'2038-4',431,'73918-9','Atrasada'),(98932965,'8286450000102','2020-05-09','2020-06-08',7093.05,'7941-7',431,'84694-1','Atrasada'),(99249427,'67095321000198','2020-04-06','2020-05-06',7890.68,'9533-5',431,'21068-9','Atrasada'),(99374361,'90610116000135','2020-01-26','2020-02-25',5009.57,'2780-1',431,'89933-8','Atrasada'),(99453059,'92634731000107','2020-03-07','2020-04-06',8762.44,'6786-2',431,'76886-0','Atrasada'),(99634406,'67226227000120','2020-10-05','2020-11-04',5733.70,'5771-5',431,'56552-5','Atrasada');
/*!40000 ALTER TABLE `tb_contaareceber` ENABLE KEYS */;
UNLOCK TABLES;

--
-- Table structure for table `tb_contabancaria`
--

DROP TABLE IF EXISTS `tb_contabancaria`;
/*!40101 SET @saved_cs_client     = @@character_set_client */;
/*!50503 SET character_set_client = utf8mb4 */;
CREATE TABLE `tb_contabancaria` (
  `cb_contabancaria` varchar(20) COLLATE utf8_unicode_ci NOT NULL,
  `CB_IDCLIENTE` varchar(30) COLLATE utf8_unicode_ci DEFAULT NULL,
  `CB_BANCO` int(11) NOT NULL,
  `CB_AGENCIA` varchar(7) COLLATE utf8_unicode_ci NOT NULL,
  `CB_TIPO` int(11) NOT NULL,
  PRIMARY KEY (`cb_contabancaria`,`CB_BANCO`,`CB_AGENCIA`,`CB_TIPO`),
  KEY `FK_CLIENTECONTA_CNPJ` (`CB_IDCLIENTE`),
  CONSTRAINT `FK_CLIENTECONTA_CNPJ` FOREIGN KEY (`CB_IDCLIENTE`) REFERENCES `tb_cliente` (`cl_cnpj`)
) ENGINE=InnoDB DEFAULT CHARSET=utf8 COLLATE=utf8_unicode_ci;
/*!40101 SET character_set_client = @saved_cs_client */;

--
-- Dumping data for table `tb_contabancaria`
--

LOCK TABLES `tb_contabancaria` WRITE;
/*!40000 ALTER TABLE `tb_contabancaria` DISABLE KEYS */;
INSERT INTO `tb_contabancaria` VALUES ('14894-9','10299047000151',341,'4653-7',1),('37692-7','10299047000151',341,'5471-7',1),('50981-2','10299047000151',341,'7895-9',1),('35629-5','11627284000167',341,'8207-6',1),('69007-4','11627284000167',341,'8672-4',1),('84602-6','11627284000167',341,'3804-4',1),('14344-2','19218190000146',341,'5479-8',1),('34870-7','19218190000146',341,'8837-0',1),('66566-7','19218190000146',341,'6588-5',1),('21819-9','24580856000141',341,'5767-8',1),('45207-5','24580856000141',341,'1840-4',1),('87556-3','24580856000141',341,'9165-1',1),('19849-0','28635168000192',341,'9176-1',1),('69734-5','28635168000192',341,'3166-8',1),('82366-9','28635168000192',341,'3608-4',1),('123','30725000122',1,'123',12),('13741-4','30725000122',341,'1597-5',1),('31003-2','30725000122',341,'7533-1',1),('96701-1','30725000122',341,'1551-9',1),('37259-7','30936416000187',341,'5285-9',1),('41669-6','30936416000187',341,'3358-4',1),('64437-2','30936416000187',341,'6737-3',1),('18662-7','33508908000160',341,'2220-2',1),('26380-0','33508908000160',341,'3287-6',1),('84456-9','33508908000160',341,'5253-1',1),('59485-5','33964302000139',341,'6451-5',1),('64266-8','33964302000139',341,'4575-0',1),('70639-6','33964302000139',341,'2985-0',1),('21657-6','36852698000110',341,'9077-7',1),('25979-4','36852698000110',341,'4325-9',1),('42174-3','36852698000110',341,'2900-8',1),('24189-1','38354404000156',341,'7338-4',1),('45575-1','38354404000156',341,'2332-2',1),('58973-9','38354404000156',341,'8857-6',1),('19272-9','4439769000161',341,'8577-4',1),('24525-8','4439769000161',341,'8747-0',1),('29932-6','4439769000161',341,'2595-9',1),('14364-3','48766038000104',341,'4813-1',1),('50100-7','48766038000104',341,'8428-2',1),('94881-9','48766038000104',341,'9422-2',1),('42452-1','49903568000101',341,'3926-2',1),('82039-5','49903568000101',341,'1641-2',1),('99881-4','49903568000101',341,'1193-8',1),('27408-9','51519374000159',341,'6714-8',1),('48099-2','51519374000159',341,'3892-5',1),('53987-1','51519374000159',341,'6064-6',1),('12023-9','52897501000116',341,'8949-6',1),('25633-6','52897501000116',341,'6417-7',1),('28123-3','52897501000116',341,'9115-8',1),('21260-4','53817302000113',341,'7746-2',1),('69626-3','53817302000113',341,'9337-4',1),('82929-2','53817302000113',341,'2311-1',1),('17530-1','60975642000138',341,'1874-6',1),('34867-3','60975642000138',341,'3886-5',1),('81200-8','60975642000138',341,'1779-4',1),('15910-1','62457825000197',341,'8579-8',1),('85060-3','62457825000197',341,'7439-9',1),('93270-5','62457825000197',341,'4540-9',1),('12280-7','62984633000139',341,'4767-2',1),('19895-6','62984633000139',341,'1138-4',1),('45588-9','62984633000139',341,'9785-5',1),('14736-4','65570831000144',341,'9108-9',1),('41021-4','65570831000144',341,'9632-8',1),('64154-6','65570831000144',341,'4897-6',1),('29920-1','66129217000104',341,'1235-4',1),('43381-8','66129217000104',341,'4281-1',1),('76928-2','66129217000104',341,'3781-0',1),('20900-2','67095321000198',341,'6980-9',1),('21068-9','67095321000198',341,'9533-5',1),('44499-6','67095321000198',341,'4170-3',1),('56552-5','67226227000120',341,'5771-5',1),('57832-5','67226227000120',341,'8148-6',1),('66197-3','67226227000120',341,'6673-7',1),('35089-0','67447579000106',341,'7944-7',1),('89884-8','67447579000106',341,'5784-5',1),('97697-3','67447579000106',341,'2244-1',1),('24979-0','69710734000160',341,'4707-6',1),('28911-3','69710734000160',341,'9823-1',1),('98989-1','69710734000160',341,'6944-3',1),('48882-2','72742013000147',341,'7129-0',1),('54106-0','72742013000147',341,'9574-0',1),('62359-0','72742013000147',341,'9890-0',1),('64380-6','73538193000102',341,'6652-7',1),('73918-9','73538193000102',341,'2038-4',1),('98181-2','73538193000102',341,'6055-7',1),('35896-8','7809940000175',341,'9928-2',1),('67372-8','7809940000175',341,'4721-2',1),('96904-0','7809940000175',341,'7190-5',1),('19325-0','78638138000108',341,'9927-3',1),('23508-9','78638138000108',341,'5459-9',1),('29931-0','78638138000108',341,'5592-5',1),('30905-6','78922477000111',341,'1932-0',1),('58129-5','78922477000111',341,'4053-8',1),('89269-1','78922477000111',341,'6259-6',1),('49331-7','79102717000102',341,'9542-4',1),('87806-4','79102717000102',341,'1775-9',1),('91939-0','79102717000102',341,'2364-8',1),('59889-1','81208833000144',341,'5379-5',1),('60332-5','81208833000144',341,'8436-1',1),('84975-9','81208833000144',341,'6856-7',1),('35462-7','8286450000102',341,'8705-2',1),('38874-9','8286450000102',341,'1318-5',1),('84694-1','8286450000102',341,'7941-7',1),('14656-2','83119539000191',341,'7267-4',1),('40389-8','83119539000191',341,'3743-5',1),('49426-5','83119539000191',341,'2207-4',1),('13726-6','84223467000190',341,'5292-3',1),('26662-2','84223467000190',341,'3127-5',1),('55233-9','84223467000190',341,'6673-5',1),('15926-6','89403040000198',341,'9718-0',1),('49103-1','89403040000198',341,'3890-8',1),('65537-1','89403040000198',341,'9898-9',1),('51481-9','90006019000138',341,'5160-0',1),('52473-7','90006019000138',341,'2050-5',1),('92200-8','90006019000138',341,'9817-4',1),('19138-1','90610116000135',341,'5389-1',1),('58539-2','90610116000135',341,'4059-6',1),('89933-8','90610116000135',341,'2780-1',1),('25445-2','91242732000143',341,'4966-9',1),('79509-1','91242732000143',341,'8941-7',1),('80749-9','91242732000143',341,'7069-1',1),('32268-2','92634731000107',341,'7899-7',1),('73425-1','92634731000107',341,'3119-9',1),('76886-0','92634731000107',341,'6786-2',1),('58710-5','93181639000100',341,'9068-0',1),('74366-4','93181639000100',341,'9735-3',1),('75553-1','93181639000100',341,'6032-3',1),('18912-2','94129732000120',341,'1299-5',1),('19837-2','94129732000120',341,'5605-4',1),('45020-0','94129732000120',341,'1183-3',1),('18524-4','94984058000160',341,'7555-3',1),('44906-1','94984058000160',341,'5392-9',1),('75353-3','94984058000160',341,'5485-7',1),('78593-0','96027288000167',341,'5521-3',1),('85804-6','96027288000167',341,'8371-8',1),('99636-5','96027288000167',341,'7825-5',1),('79292-2','97217647000101',341,'5680-0',1),('84504-5','97217647000101',341,'8846-3',1),('86729-0','97217647000101',341,'1896-6',1),('54556-2','97690452000184',341,'1255-1',1),('83428-7','97690452000184',341,'6753-3',1),('86687-9','97690452000184',341,'7710-8',1);
/*!40000 ALTER TABLE `tb_contabancaria` ENABLE KEYS */;
UNLOCK TABLES;

--
-- Table structure for table `tb_movimentacao`
--

DROP TABLE IF EXISTS `tb_movimentacao`;
/*!40101 SET @saved_cs_client     = @@character_set_client */;
/*!50503 SET character_set_client = utf8mb4 */;
CREATE TABLE `tb_movimentacao` (
  `MO_IDMOVIMENTACAO` int(11) NOT NULL AUTO_INCREMENT,
  `MO_IDUSUARIO` int(11) NOT NULL,
  `MO_USUARIO` varchar(50) COLLATE utf8_unicode_ci NOT NULL,
  `MO_MOVIMENTACAO` varchar(100) COLLATE utf8_unicode_ci DEFAULT NULL,
  `MO_DATA` datetime DEFAULT NULL,
  PRIMARY KEY (`MO_IDMOVIMENTACAO`),
  KEY `FK_IDUSUARIO` (`MO_IDUSUARIO`),
  CONSTRAINT `FK_IDUSUARIO` FOREIGN KEY (`MO_IDUSUARIO`) REFERENCES `tb_usuario` (`US_IDUSUARIO`)
) ENGINE=InnoDB AUTO_INCREMENT=467 DEFAULT CHARSET=utf8 COLLATE=utf8_unicode_ci;
/*!40101 SET character_set_client = @saved_cs_client */;

--
-- Dumping data for table `tb_movimentacao`
--

LOCK TABLES `tb_movimentacao` WRITE;
/*!40000 ALTER TABLE `tb_movimentacao` DISABLE KEYS */;
INSERT INTO `tb_movimentacao` VALUES (1,1,'admin','Visualizou Histórico','2020-11-10 18:15:55'),(2,1,'admin','Visualizou Histórico','2020-11-10 19:22:18'),(3,1,'admin','Visualizou Histórico','2020-11-10 19:22:18'),(4,1,'admin','Visualizou Histórico','2020-11-10 19:22:18'),(5,1,'admin','Visualizou Histórico','2020-11-10 19:22:18'),(6,1,'admin','Visualizou Histórico','2020-11-10 19:22:18'),(7,1,'admin','Visualizou Histórico','2020-11-10 19:22:18'),(8,1,'admin','Visualizou Histórico','2020-11-10 19:22:19'),(9,1,'admin','Visualizou Histórico','2020-11-10 19:22:19'),(10,1,'admin','Visualizou Histórico','2020-11-10 19:22:19'),(11,1,'admin','Visualizou Histórico','2020-11-10 19:22:19'),(12,1,'admin','Visualizou Histórico','2020-11-10 19:22:19'),(13,1,'admin','Visualizou Histórico','2020-11-10 19:22:19'),(14,1,'admin','Visualizou Histórico','2020-11-10 19:22:19'),(15,1,'admin','Visualizou Histórico','2020-11-10 19:22:20'),(16,1,'admin','Login','2020-11-10 19:38:09'),(17,1,'admin','Adicionou a conta: 44444444','2020-11-10 19:39:10'),(18,1,'admin','Visualizou base de contas','2020-11-10 19:39:15'),(19,1,'admin','Cadastrou o cliente 999','2020-11-10 19:39:54'),(20,1,'admin','Visualizou base de cliente','2020-11-10 19:39:59'),(21,1,'admin','Cadastrou o usuário 9','2020-11-10 19:40:10'),(22,1,'admin','Visualizou base de usuários','2020-11-10 19:40:13'),(23,1,'admin','Visualizou base de contas','2020-11-10 19:40:19'),(24,1,'admin','Visualizou informaçoes sobre a conta 44444444','2020-11-10 19:40:48'),(25,1,'admin','Renegociou a conta: 44444444','2020-11-10 19:41:09'),(26,1,'admin','Visualizou base de contas','2020-11-10 19:41:14'),(27,1,'admin','Visualizou informaçoes sobre a conta 44444444','2020-11-10 19:41:18'),(28,1,'admin','Visualizou base de contas','2020-11-10 19:41:29'),(29,1,'admin','Visualizou base de cliente','2020-11-10 19:41:35'),(30,1,'admin','Visualizou informaçoes do cliente 999','2020-11-10 19:41:38'),(31,1,'admin','Adicionou a conta bancaria 444 para o cliente 999','2020-11-10 19:41:46'),(32,1,'admin','Visualizou informaçoes do cliente 999','2020-11-10 19:41:47'),(33,1,'admin','Atualizou o cliente 999','2020-11-10 19:42:06'),(34,1,'admin','Visualizou base de cliente','2020-11-10 19:42:09'),(35,1,'admin','Visualizou informaçoes do cliente 999','2020-11-10 19:42:12'),(36,1,'admin','Excluiu o cliente 999','2020-11-10 19:42:13'),(37,1,'admin','Visualizou base de cliente','2020-11-10 19:42:15'),(38,1,'admin','Visualizou base de usuários','2020-11-10 19:42:20'),(39,1,'admin','Visualizou informações sobre o usuário 9','2020-11-10 19:42:22'),(40,1,'admin','Alterou o usuário: 9','2020-11-10 19:42:26'),(41,1,'admin','Alterou o usuário: 9','2020-11-10 19:42:27'),(42,1,'admin','Visualizou base de usuários','2020-11-10 19:42:28'),(43,1,'admin','Visualizou informações sobre o usuário 9','2020-11-10 19:42:30'),(44,1,'admin','Excluiu o usuário 9','2020-11-10 19:42:31'),(45,1,'admin','Visualizou base de usuários','2020-11-10 19:42:33'),(46,1,'admin','Visualizou base de cliente','2020-11-10 19:42:36'),(47,1,'admin','Gerou relatório geral em PDF','2020-11-10 19:42:54'),(48,1,'admin','Visualizou base de contas','2020-11-10 19:44:11'),(49,1,'admin','Visualizou informaçoes sobre a conta 111','2020-11-10 19:44:20'),(50,1,'admin','Renegociou a conta: 111','2020-11-10 19:44:27'),(51,1,'admin','Notificou o cliente 30725000122 pela conta 111','2020-11-10 19:44:42'),(52,1,'admin','Visualizou Histórico','2020-11-10 19:45:14'),(53,1,'admin','Visualizou Arquivos Remessa','2020-11-10 19:45:47'),(54,1,'admin','Visualizou base de contas','2020-11-10 19:46:01'),(55,1,'admin','Visualizou Arquivos Retorno','2020-11-10 19:46:17'),(56,1,'admin','Visualizou Arquivos Retorno','2020-11-10 19:46:27'),(57,1,'admin','Visualizou base de contas','2020-11-10 19:46:28'),(58,1,'admin','Visualizou Arquivos Retorno','2020-11-10 19:47:22'),(59,1,'admin','Visualizou Arquivos Retorno','2020-11-10 19:47:41'),(60,1,'admin','Visualizou Arquivos Remessa','2020-11-10 19:48:04'),(61,1,'admin','Visualizou base de contas','2020-11-10 19:48:05'),(62,1,'admin','Visualizou base de contas','2020-11-10 19:48:32'),(63,1,'admin','Visualizou informaçoes sobre a conta 111','2020-11-10 19:48:35'),(64,1,'admin','Renegociou a conta: 111','2020-11-10 19:48:39'),(65,1,'admin','Visualizou Arquivos Remessa','2020-11-10 19:48:44'),(66,1,'admin','Visualizou base de contas','2020-11-10 19:48:45'),(67,1,'admin','Visualizou Arquivos Retorno','2020-11-10 19:53:05'),(68,1,'admin','Visualizou Arquivos Remessa','2020-11-10 20:13:42'),(69,1,'admin','Visualizou base de contas','2020-11-10 20:13:46'),(70,1,'admin','Visualizou base de contas','2020-11-10 20:14:03'),(71,1,'admin','Gerou a remessa rem20201110231405.rem','2020-11-10 20:14:05'),(72,1,'admin','Visualizou base de contas','2020-11-10 20:14:05'),(73,1,'admin','Visualizou Arquivos Remessa','2020-11-10 21:25:51'),(74,1,'admin','Visualizou base de contas','2020-11-10 21:25:55'),(75,1,'admin','Visualizou base de contas','2020-11-10 21:26:11'),(76,1,'admin','Visualizou base de contas','2020-11-10 21:26:12'),(77,1,'admin','Gerou a remessa rem20201111002614.rem','2020-11-10 21:26:14'),(78,1,'admin','Visualizou base de contas','2020-11-10 21:26:14'),(79,1,'admin','Gerou a remessa rem20201111002619.rem','2020-11-10 21:26:19'),(80,1,'admin','Visualizou base de contas','2020-11-10 21:26:20'),(81,1,'admin','Visualizou Arquivos Remessa','2020-11-10 21:35:04'),(82,1,'admin','Visualizou base de contas','2020-11-10 21:35:05'),(83,1,'admin','Gerou a remessa rem20201111003507.rem','2020-11-10 21:35:07'),(84,1,'admin','Visualizou base de contas','2020-11-10 21:35:07'),(85,1,'admin','Visualizou base de contas','2020-11-10 21:35:08'),(86,1,'admin','Visualizou base de contas','2020-11-10 21:35:09'),(87,1,'admin','Visualizou base de contas','2020-11-10 21:35:09'),(88,1,'admin','Visualizou base de contas','2020-11-10 21:35:09'),(89,1,'admin','Visualizou base de contas','2020-11-10 21:35:09'),(90,1,'admin','Visualizou Arquivos Retorno','2020-11-10 21:40:29'),(91,1,'admin','Login','2020-11-10 22:17:40'),(92,1,'admin','Login','2020-11-11 11:49:04'),(93,1,'admin','Visualizou base de cliente','2020-11-11 11:49:09'),(94,1,'admin','Visualizou base de contas','2020-11-11 11:49:12'),(95,1,'admin','Login','2020-11-11 15:08:50'),(96,1,'admin','Visualizou base de contas','2020-11-11 15:08:56'),(97,1,'admin','Visualizou base de cliente','2020-11-11 15:09:01'),(98,1,'admin','Visualizou informaçoes do cliente 30725000122','2020-11-11 15:09:03'),(99,1,'admin','Visualizou informaçoes do cliente 30725000122','2020-11-11 15:09:12'),(100,1,'admin','Adicionou a conta: 2343','2020-11-11 15:15:46'),(101,1,'admin','Visualizou base de contas','2020-11-11 15:21:50'),(102,1,'admin','Visualizou base de contas','2020-11-11 15:25:48'),(103,1,'admin','Visualizou base de contas','2020-11-11 15:26:02'),(104,1,'admin','Visualizou Arquivos Remessa','2020-11-11 15:27:07'),(105,1,'admin','Visualizou Arquivos Remessa','2020-11-11 15:27:08'),(106,1,'admin','Visualizou Arquivos Remessa','2020-11-11 15:27:09'),(107,1,'admin','Visualizou base de contas','2020-11-11 15:27:10'),(108,1,'admin','Visualizou base de contas','2020-11-11 15:27:34'),(109,1,'admin','Adicionou a conta: 12121212','2020-11-11 15:30:19'),(110,1,'admin','Visualizou base de contas','2020-11-11 15:30:27'),(111,1,'admin','Visualizou informaçoes sobre a conta 12121212$cnpj=30725000122','2020-11-11 15:37:33'),(112,1,'admin','Visualizou base de contas','2020-11-11 15:37:56'),(113,1,'admin','Visualizou informaçoes sobre a conta 111','2020-11-11 15:37:58'),(114,1,'admin','Visualizou base de contas','2020-11-11 15:38:12'),(115,1,'admin','Cadastrou o cliente 1','2020-11-11 15:40:14'),(116,1,'admin','Cadastrou o cliente 1','2020-11-11 15:45:49'),(117,1,'admin','Cadastrou o cliente 1','2020-11-11 15:47:51'),(118,1,'admin','Visualizou base de contas','2020-11-11 15:48:13'),(119,1,'admin','Visualizou base de cliente','2020-11-11 15:48:15'),(120,1,'admin','Visualizou informaçoes do cliente 1','2020-11-11 15:48:17'),(121,1,'admin','Visualizou informaçoes do cliente 1','2020-11-11 15:48:26'),(122,1,'admin','Visualizou informaçoes do cliente 1','2020-11-11 15:48:51'),(123,1,'admin','Visualizou informaçoes do cliente 1','2020-11-11 15:49:00'),(124,1,'admin','Visualizou informaçoes do cliente 1','2020-11-11 15:50:21'),(125,1,'admin','Visualizou informaçoes do cliente 1','2020-11-11 15:50:23'),(126,1,'admin','Visualizou informaçoes do cliente 1','2020-11-11 15:50:36'),(127,1,'admin','Visualizou informaçoes do cliente 1','2020-11-11 16:08:34'),(128,1,'admin','Visualizou informaçoes do cliente 1','2020-11-11 16:21:12'),(129,1,'admin','Visualizou informaçoes do cliente 1','2020-11-11 16:21:19'),(130,1,'admin','Visualizou informaçoes do cliente 1','2020-11-11 16:21:31'),(131,1,'admin','Gerou relatório por clientes em Excel','2020-11-11 16:22:37'),(132,1,'admin','Gerou relatório por situação em Excel','2020-11-11 16:23:01'),(133,1,'admin','Visualizou base de cliente','2020-11-11 16:28:11'),(134,1,'admin','Visualizou base de contas','2020-11-11 16:28:16'),(135,1,'admin','Visualizou informaçoes sobre a conta 111','2020-11-11 16:28:17'),(136,1,'admin','Visualizou informaçoes sobre a conta 111','2020-11-11 16:29:14'),(137,1,'admin','Visualizou informaçoes sobre a conta 111','2020-11-11 16:29:21'),(138,1,'admin','Renegociou a conta: 111','2020-11-11 16:29:32'),(139,1,'admin','Gerou relatório por situação em PDF','2020-11-11 16:32:23'),(140,1,'admin','Gerou relatório por situação em PDF','2020-11-11 16:44:05'),(141,1,'admin','Visualizou Histórico','2020-11-11 16:55:49'),(142,1,'admin','Visualizou Histórico','2020-11-11 16:56:19'),(143,1,'admin','Visualizou Histórico','2020-11-11 16:56:24'),(144,1,'admin','Adicionou a conta: 1100','2020-11-11 17:08:36'),(145,1,'admin','Visualizou base de contas','2020-11-11 17:08:41'),(146,1,'admin','Gerou relatório por clientes em Excel','2020-11-11 17:10:23'),(147,1,'admin','Login','2020-11-11 17:17:46'),(148,123458,'Juan Lorenzo Kaique da Rosa','Login','2020-11-11 17:18:19'),(149,123458,'Juan Lorenzo Kaique da Rosa','Logout','2020-11-11 17:19:02'),(150,123458,'Juan Lorenzo Kaique da Rosa','Login','2020-11-11 17:19:25'),(151,123458,'Juan Lorenzo Kaique da Rosa','Visualizou Histórico','2020-11-11 17:19:29'),(152,123458,'Juan Lorenzo Kaique da Rosa','Visualizou Histórico','2020-11-11 17:24:27'),(153,123458,'Juan Lorenzo Kaique da Rosa','Visualizou base de cliente','2020-11-11 17:24:32'),(154,123458,'Juan Lorenzo Kaique da Rosa','Visualizou informaçoes do cliente 1','2020-11-11 17:24:34'),(155,123458,'Juan Lorenzo Kaique da Rosa','Excluiu o cliente 1','2020-11-11 17:24:35'),(156,123458,'Juan Lorenzo Kaique da Rosa','Visualizou base de cliente','2020-11-11 17:24:37'),(157,123458,'Juan Lorenzo Kaique da Rosa','Visualizou base de cliente','2020-11-11 17:25:29'),(158,123458,'Juan Lorenzo Kaique da Rosa','Gerou relatório geral em Excel','2020-11-11 17:25:40'),(159,123458,'Juan Lorenzo Kaique da Rosa','Visualizou informaçoes do cliente 30725000122','2020-11-11 17:26:50'),(160,123458,'Juan Lorenzo Kaique da Rosa','Notificou o cliente 30725000122 pela conta 121','2020-11-11 17:32:35'),(161,123458,'Juan Lorenzo Kaique da Rosa','Gerou relatório por cliente em PDF','2020-11-11 17:33:20'),(162,123458,'Juan Lorenzo Kaique da Rosa','Gerou relatório por cliente em PDF','2020-11-11 17:34:09'),(163,123458,'Juan Lorenzo Kaique da Rosa','Gerou relatório geral em Excel','2020-11-11 17:35:02'),(164,123458,'Juan Lorenzo Kaique da Rosa','Gerou relatório geral em PDF','2020-11-11 17:35:06'),(165,123458,'Juan Lorenzo Kaique da Rosa','Gerou relatório por situação em PDF','2020-11-11 17:35:37'),(166,123458,'Juan Lorenzo Kaique da Rosa','Visualizou base de contas','2020-11-11 17:36:13'),(167,123458,'Juan Lorenzo Kaique da Rosa','Visualizou informaçoes sobre a conta 111','2020-11-11 17:36:14'),(168,123458,'Juan Lorenzo Kaique da Rosa','Visualizou Arquivos Remessa','2020-11-11 17:39:15'),(169,123458,'Juan Lorenzo Kaique da Rosa','Visualizou base de contas','2020-11-11 17:39:16'),(170,123458,'Juan Lorenzo Kaique da Rosa','Visualizou base de contas','2020-11-11 17:39:18'),(171,123458,'Juan Lorenzo Kaique da Rosa','Visualizou base de contas','2020-11-11 17:39:37'),(172,123458,'Juan Lorenzo Kaique da Rosa','Visualizou informaçoes sobre a conta 111','2020-11-11 17:39:44'),(173,123458,'Juan Lorenzo Kaique da Rosa','Visualizou informaçoes sobre a conta 11593772','2020-11-11 17:39:49'),(174,123458,'Juan Lorenzo Kaique da Rosa','Renegociou a conta: 11593772','2020-11-11 17:39:54'),(175,123458,'Juan Lorenzo Kaique da Rosa','Visualizou base de contas','2020-11-11 17:39:57'),(176,123458,'Juan Lorenzo Kaique da Rosa','Gerou a remessa rem20201111204127.rem','2020-11-11 17:41:27'),(177,123458,'Juan Lorenzo Kaique da Rosa','Visualizou base de contas','2020-11-11 17:41:27'),(178,123458,'Juan Lorenzo Kaique da Rosa','Visualizou base de contas','2020-11-11 17:42:28'),(179,123458,'Juan Lorenzo Kaique da Rosa','Visualizou informaçoes sobre a conta 111','2020-11-11 17:42:30'),(180,123458,'Juan Lorenzo Kaique da Rosa','Visualizou Arquivos Retorno','2020-11-11 17:44:13'),(181,123458,'Juan Lorenzo Kaique da Rosa','Visualizou base de contas','2020-11-11 17:44:42'),(182,123458,'Juan Lorenzo Kaique da Rosa','Visualizou Arquivos Retorno','2020-11-11 17:45:46'),(183,123458,'Juan Lorenzo Kaique da Rosa','Visualizou Arquivos Retorno','2020-11-11 17:45:53'),(184,123458,'Juan Lorenzo Kaique da Rosa','Visualizou base de contas','2020-11-11 17:45:56'),(185,123458,'Juan Lorenzo Kaique da Rosa','Visualizou Arquivos Retorno','2020-11-11 17:46:40'),(186,123458,'Juan Lorenzo Kaique da Rosa','Visualizou Arquivos Retorno','2020-11-11 17:46:46'),(187,123458,'Juan Lorenzo Kaique da Rosa','Visualizou base de contas','2020-11-11 17:46:49'),(188,123458,'Juan Lorenzo Kaique da Rosa','Visualizou Arquivos Retorno','2020-11-11 17:47:15'),(189,123458,'Juan Lorenzo Kaique da Rosa','Visualizou Arquivos Retorno','2020-11-11 17:47:37'),(190,123458,'Juan Lorenzo Kaique da Rosa','Visualizou base de contas','2020-11-11 17:47:37'),(191,123458,'Juan Lorenzo Kaique da Rosa','Visualizou base de contas','2020-11-11 17:47:42'),(192,123458,'Juan Lorenzo Kaique da Rosa','Visualizou base de contas','2020-11-11 17:48:21'),(193,123458,'Juan Lorenzo Kaique da Rosa','Visualizou Arquivos Retorno','2020-11-11 17:48:24'),(194,123458,'Juan Lorenzo Kaique da Rosa','Visualizou Arquivos Retorno','2020-11-11 17:49:08'),(195,123458,'Juan Lorenzo Kaique da Rosa','Visualizou Arquivos Retorno','2020-11-11 17:49:15'),(196,123458,'Juan Lorenzo Kaique da Rosa','Visualizou base de contas','2020-11-11 17:49:18'),(197,123458,'Juan Lorenzo Kaique da Rosa','Visualizou Arquivos Retorno','2020-11-11 17:49:24'),(198,123458,'Juan Lorenzo Kaique da Rosa','Visualizou Arquivos Retorno','2020-11-11 17:49:40'),(199,123458,'Juan Lorenzo Kaique da Rosa','Visualizou base de contas','2020-11-11 17:49:49'),(200,123458,'Juan Lorenzo Kaique da Rosa','Visualizou base de contas','2020-11-11 17:49:53'),(201,123458,'Juan Lorenzo Kaique da Rosa','Visualizou Arquivos Retorno','2020-11-11 17:50:58'),(202,123458,'Juan Lorenzo Kaique da Rosa','Visualizou Arquivos Retorno','2020-11-11 17:51:42'),(203,123458,'Juan Lorenzo Kaique da Rosa','Visualizou base de contas','2020-11-11 17:51:48'),(204,123458,'Juan Lorenzo Kaique da Rosa','Visualizou base de contas','2020-11-11 19:57:39'),(205,123458,'Juan Lorenzo Kaique da Rosa','Visualizou base de contas','2020-11-11 19:58:13'),(206,123458,'Juan Lorenzo Kaique da Rosa','Visualizou base de contas','2020-11-11 19:59:07'),(207,123458,'Juan Lorenzo Kaique da Rosa','Visualizou base de contas','2020-11-11 19:59:08'),(208,123458,'Juan Lorenzo Kaique da Rosa','Visualizou base de contas','2020-11-11 19:59:08'),(209,123458,'Juan Lorenzo Kaique da Rosa','Visualizou base de contas','2020-11-11 19:59:08'),(210,123458,'Juan Lorenzo Kaique da Rosa','Visualizou base de contas','2020-11-11 19:59:08'),(211,1,'admin','Login','2020-11-11 19:59:16'),(212,1,'admin','Visualizou base de contas','2020-11-11 19:59:19'),(213,1,'admin','Visualizou base de contas','2020-11-11 19:59:34'),(214,1,'admin','Visualizou base de contas','2020-11-11 20:00:41'),(215,1,'admin','Visualizou Arquivos Remessa','2020-11-11 20:01:44'),(216,1,'admin','Visualizou base de contas','2020-11-11 20:01:45'),(217,1,'admin','Visualizou base de contas','2020-11-11 20:01:48'),(218,1,'admin','Visualizou base de contas','2020-11-11 20:01:50'),(219,1,'admin','Visualizou base de contas','2020-11-11 20:01:52'),(220,1,'admin','Visualizou base de contas','2020-11-11 20:01:55'),(221,1,'admin','Visualizou Arquivos Remessa','2020-11-11 20:02:10'),(222,1,'admin','Visualizou base de contas','2020-11-11 20:02:11'),(223,1,'admin','Visualizou base de contas','2020-11-11 20:02:19'),(224,1,'admin','Visualizou informaçoes sobre a conta 11593772','2020-11-11 20:02:22'),(225,1,'admin','Renegociou a conta: 11593772','2020-11-11 20:02:26'),(226,1,'admin','Visualizou base de contas','2020-11-11 20:02:27'),(227,1,'admin','Login','2020-11-11 20:02:41'),(228,1,'admin','Visualizou base de contas','2020-11-11 20:02:45'),(229,1,'admin','Visualizou base de contas','2020-11-11 20:03:31'),(230,1,'admin','Visualizou base de contas','2020-11-11 20:04:10'),(231,1,'admin','Visualizou base de contas','2020-11-11 20:05:05'),(232,1,'admin','Visualizou base de contas','2020-11-11 20:05:59'),(233,1,'admin','Visualizou informaçoes sobre a conta 111','2020-11-11 20:06:13'),(234,1,'admin','Renegociou a conta: 111','2020-11-11 20:06:18'),(235,1,'admin','Renegociou a conta: 111','2020-11-11 20:06:18'),(236,1,'admin','Visualizou base de contas','2020-11-11 20:06:19'),(237,1,'admin','Visualizou base de contas','2020-11-11 20:07:12'),(238,1,'admin','Visualizou base de contas','2020-11-11 20:08:03'),(239,1,'admin','Visualizou base de contas','2020-11-11 20:08:25'),(240,1,'admin','Visualizou base de contas','2020-11-11 20:09:26'),(241,1,'admin','Visualizou base de contas','2020-11-11 20:09:49'),(242,1,'admin','Visualizou base de contas','2020-11-11 20:10:31'),(243,1,'admin','Visualizou base de contas','2020-11-11 20:12:17'),(244,1,'admin','Login','2020-11-11 20:13:10'),(245,1,'admin','Visualizou base de contas','2020-11-11 20:13:13'),(246,1,'admin','Visualizou base de contas','2020-11-11 20:13:28'),(247,1,'admin','Visualizou base de contas','2020-11-11 20:13:42'),(248,1,'admin','Visualizou base de contas','2020-11-11 20:15:42'),(249,1,'admin','Visualizou base de contas','2020-11-11 20:16:08'),(250,1,'admin','Visualizou base de contas','2020-11-11 20:16:16'),(251,1,'admin','Visualizou base de contas','2020-11-11 20:16:49'),(252,1,'admin','Visualizou base de contas','2020-11-11 20:16:59'),(253,1,'admin','Visualizou base de contas','2020-11-11 20:18:06'),(254,1,'admin','Visualizou base de contas','2020-11-11 20:18:07'),(255,1,'admin','Visualizou base de contas','2020-11-11 20:18:07'),(256,1,'admin','Visualizou base de contas','2020-11-11 20:18:07'),(257,1,'admin','Visualizou base de contas','2020-11-11 20:18:07'),(258,1,'admin','Visualizou base de contas','2020-11-11 20:18:08'),(259,1,'admin','Visualizou base de contas','2020-11-11 20:18:18'),(260,1,'admin','Visualizou base de contas','2020-11-11 20:18:49'),(261,1,'admin','Visualizou base de contas','2020-11-11 20:19:05'),(262,1,'admin','Visualizou base de contas','2020-11-11 20:19:57'),(263,1,'admin','Visualizou base de contas','2020-11-11 20:21:31'),(264,1,'admin','Visualizou base de contas','2020-11-11 20:21:45'),(265,1,'admin','Visualizou base de contas','2020-11-11 20:21:46'),(266,1,'admin','Visualizou base de contas','2020-11-11 20:21:46'),(267,1,'admin','Visualizou base de contas','2020-11-11 20:21:46'),(268,1,'admin','Visualizou base de contas','2020-11-11 20:21:46'),(269,1,'admin','Visualizou base de contas','2020-11-11 20:21:50'),(270,1,'admin','Visualizou base de contas','2020-11-11 20:21:50'),(271,1,'admin','Visualizou base de contas','2020-11-11 20:21:50'),(272,1,'admin','Visualizou base de contas','2020-11-11 20:21:50'),(273,1,'admin','Login','2020-11-11 20:22:01'),(274,1,'admin','Visualizou base de contas','2020-11-11 20:22:04'),(275,1,'admin','Visualizou base de contas','2020-11-11 20:22:27'),(276,1,'admin','Visualizou base de contas','2020-11-11 20:23:33'),(277,1,'admin','Visualizou base de contas','2020-11-11 20:25:44'),(278,1,'admin','Visualizou base de contas','2020-11-11 20:25:55'),(279,1,'admin','Visualizou base de contas','2020-11-11 20:25:56'),(280,1,'admin','Visualizou base de contas','2020-11-11 20:25:56'),(281,1,'admin','Visualizou base de contas','2020-11-11 20:25:56'),(282,1,'admin','Visualizou base de contas','2020-11-11 20:25:56'),(283,1,'admin','Visualizou base de contas','2020-11-11 20:25:56'),(284,1,'admin','Visualizou base de contas','2020-11-11 20:25:57'),(285,1,'admin','Visualizou base de contas','2020-11-11 20:26:08'),(286,1,'admin','Visualizou base de contas','2020-11-11 20:27:15'),(287,1,'admin','Visualizou base de contas','2020-11-11 20:27:15'),(288,1,'admin','Visualizou base de contas','2020-11-11 20:27:15'),(289,1,'admin','Visualizou base de contas','2020-11-11 20:27:15'),(290,1,'admin','Visualizou base de contas','2020-11-11 20:27:16'),(291,1,'admin','Visualizou base de contas','2020-11-11 20:27:16'),(292,1,'admin','Login','2020-11-11 20:27:22'),(293,1,'admin','Visualizou base de cliente','2020-11-11 20:27:25'),(294,1,'admin','Visualizou base de cliente','2020-11-11 20:27:50'),(295,1,'admin','Visualizou base de cliente','2020-11-11 20:27:50'),(296,1,'admin','Visualizou base de cliente','2020-11-11 20:27:51'),(297,1,'admin','Visualizou base de cliente','2020-11-11 20:27:51'),(298,1,'admin','Visualizou base de cliente','2020-11-11 20:27:51'),(299,1,'admin','Visualizou base de cliente','2020-11-11 20:27:51'),(300,1,'admin','Visualizou base de cliente','2020-11-11 20:27:51'),(301,1,'admin','Visualizou base de cliente','2020-11-11 20:27:51'),(302,1,'admin','Visualizou base de cliente','2020-11-11 20:27:51'),(303,1,'admin','Visualizou base de cliente','2020-11-11 20:27:52'),(304,1,'admin','Login','2020-11-11 20:27:56'),(305,1,'admin','Visualizou base de cliente','2020-11-11 20:28:01'),(306,1,'admin','Visualizou base de cliente','2020-11-11 20:28:13'),(307,1,'admin','Visualizou base de cliente','2020-11-11 20:28:13'),(308,1,'admin','Visualizou base de cliente','2020-11-11 20:28:13'),(309,1,'admin','Visualizou base de cliente','2020-11-11 20:28:13'),(310,1,'admin','Visualizou base de cliente','2020-11-11 20:28:14'),(311,1,'admin','Visualizou base de cliente','2020-11-11 20:28:14'),(312,1,'admin','Visualizou base de cliente','2020-11-11 20:28:14'),(313,1,'admin','Login','2020-11-11 20:28:20'),(314,1,'admin','Visualizou base de contas','2020-11-11 20:28:22'),(315,1,'admin','Visualizou base de contas','2020-11-11 20:29:02'),(316,1,'admin','Visualizou base de contas','2020-11-11 20:29:15'),(317,1,'admin','Visualizou base de contas','2020-11-11 20:29:26'),(318,1,'admin','Visualizou base de contas','2020-11-11 20:29:31'),(319,1,'admin','Visualizou base de contas','2020-11-11 20:29:37'),(320,1,'admin','Visualizou base de contas','2020-11-11 20:29:59'),(321,1,'admin','Visualizou base de contas','2020-11-11 20:30:09'),(322,1,'admin','Visualizou base de contas','2020-11-11 20:30:13'),(323,1,'admin','Visualizou base de contas','2020-11-11 20:30:14'),(324,1,'admin','Visualizou base de contas','2020-11-11 20:30:14'),(325,1,'admin','Visualizou base de contas','2020-11-11 20:30:14'),(326,1,'admin','Visualizou base de contas','2020-11-11 20:30:19'),(327,1,'admin','Visualizou base de contas','2020-11-11 20:30:20'),(328,1,'admin','Visualizou base de contas','2020-11-11 20:30:20'),(329,1,'admin','Visualizou base de contas','2020-11-11 20:30:20'),(330,1,'admin','Visualizou base de contas','2020-11-11 20:30:25'),(331,1,'admin','Visualizou base de contas','2020-11-11 20:31:08'),(332,1,'admin','Visualizou base de contas','2020-11-11 20:33:38'),(333,1,'admin','Visualizou base de contas','2020-11-11 20:39:13'),(334,1,'admin','Visualizou base de contas','2020-11-11 20:40:10'),(335,1,'admin','Visualizou base de contas','2020-11-11 20:40:29'),(336,1,'admin','Visualizou base de contas','2020-11-11 20:41:30'),(337,1,'admin','Visualizou base de contas','2020-11-11 20:45:02'),(338,1,'admin','Visualizou base de contas','2020-11-11 20:45:03'),(339,1,'admin','Visualizou base de contas','2020-11-11 20:45:03'),(340,1,'admin','Visualizou base de contas','2020-11-11 20:45:03'),(341,1,'admin','Visualizou base de contas','2020-11-11 20:45:04'),(342,1,'admin','Visualizou base de contas','2020-11-11 20:45:04'),(343,1,'admin','Visualizou base de contas','2020-11-11 20:45:18'),(344,1,'admin','Visualizou base de contas','2020-11-11 20:45:34'),(345,1,'admin','Visualizou base de contas','2020-11-11 20:45:34'),(346,1,'admin','Visualizou base de contas','2020-11-11 20:45:34'),(347,1,'admin','Login','2020-11-11 20:45:40'),(348,1,'admin','Visualizou base de contas','2020-11-11 20:45:42'),(349,1,'admin','Visualizou base de contas','2020-11-11 20:45:48'),(350,1,'admin','Visualizou base de contas','2020-11-11 20:46:22'),(351,1,'admin','Visualizou base de contas','2020-11-11 20:48:19'),(352,1,'admin','Visualizou base de contas','2020-11-11 20:48:27'),(353,1,'admin','Visualizou base de contas','2020-11-11 20:56:24'),(354,1,'admin','Visualizou base de contas','2020-11-11 20:56:33'),(355,1,'admin','Visualizou base de contas','2020-11-11 20:57:24'),(356,1,'admin','Visualizou base de contas','2020-11-11 20:57:31'),(357,1,'admin','Visualizou base de contas','2020-11-11 20:58:18'),(358,1,'admin','Visualizou base de contas','2020-11-11 21:01:09'),(359,1,'admin','Login','2020-11-11 21:01:23'),(360,1,'admin','Visualizou base de contas','2020-11-11 21:01:25'),(361,1,'admin','Visualizou base de contas','2020-11-11 21:03:30'),(362,1,'admin','Visualizou base de contas','2020-11-11 21:03:53'),(363,1,'admin','Visualizou base de contas','2020-11-11 21:05:56'),(364,1,'admin','Login','2020-11-12 10:08:29'),(365,1,'admin','Visualizou Arquivos Retorno','2020-11-12 10:08:34'),(366,1,'admin','Visualizou Arquivos Retorno','2020-11-12 10:19:18'),(367,1,'admin','Visualizou Arquivos Retorno','2020-11-12 10:19:20'),(368,1,'admin','Visualizou Arquivos Retorno','2020-11-12 10:19:21'),(369,1,'admin','Visualizou Arquivos Retorno','2020-11-12 12:42:25'),(370,1,'admin','Visualizou base de cliente','2020-11-12 12:42:30'),(371,1,'admin','Visualizou informaçoes do cliente 30725000122','2020-11-12 12:42:32'),(372,1,'admin','Visualizou Arquivos Remessa','2020-11-12 14:14:17'),(373,1,'admin','Visualizou base de contas','2020-11-12 14:15:13'),(374,1,'admin','Visualizou Arquivos Retorno','2020-11-12 14:22:54'),(375,1,'admin','Visualizou base de contas','2020-11-14 13:45:01'),(376,1,'admin','Visualizou informaçoes sobre a conta 111','2020-11-14 13:45:02'),(377,1,'admin','Visualizou informaçoes sobre a conta 111','2020-11-14 13:45:11'),(378,1,'admin','Visualizou base de contas','2020-11-14 13:45:25'),(379,1,'admin','Visualizou informaçoes sobre a conta 111','2020-11-14 13:45:26'),(380,1,'admin','Adicionou a conta: 12321321','2020-11-14 13:46:42'),(381,1,'admin','Visualizou base de contas','2020-11-14 13:46:47'),(382,1,'admin','Visualizou base de contas','2020-11-14 13:47:46'),(383,1,'admin','Visualizou informaçoes sobre a conta 111','2020-11-14 13:47:54'),(384,1,'admin','Visualizou informaçoes sobre a conta 10012657','2020-11-14 13:47:59'),(385,1,'admin','Visualizou base de usuários','2020-11-14 13:48:09'),(386,1,'admin','Visualizou base de cliente','2020-11-14 13:48:12'),(387,1,'admin','Visualizou Histórico','2020-11-14 13:48:16'),(388,1,'admin','Visualizou Histórico','2020-11-14 13:49:32'),(389,1,'admin','Visualizou Arquivos Remessa','2020-11-14 13:49:36'),(390,1,'admin','Visualizou Arquivos Retorno','2020-11-14 13:49:43'),(391,1,'admin','Login','2020-11-14 13:50:53'),(392,1,'admin','Login','2020-11-14 13:52:32'),(393,1,'admin','Login','2020-11-14 18:39:56'),(394,1,'admin','Visualizou base de cliente','2020-11-14 18:40:03'),(395,1,'admin','Visualizou informaçoes do cliente 30725000122','2020-11-14 18:40:05'),(396,1,'admin','Visualizou base de contas','2020-11-14 18:43:34'),(397,1,'admin','Visualizou informaçoes sobre a conta 10012657','2020-11-14 18:43:41'),(398,1,'admin','Visualizou base de contas','2020-11-14 18:44:32'),(399,1,'admin','Visualizou informaçoes sobre a conta 141','2020-11-14 18:44:33'),(400,1,'admin','Renegociou a conta: 141','2020-11-14 18:44:36'),(401,1,'admin','Visualizou base de contas','2020-11-14 18:44:51'),(402,1,'admin','Visualizou informaçoes sobre a conta 141','2020-11-14 18:45:07'),(403,1,'admin','Renegociou a conta: 141','2020-11-14 18:45:17'),(404,1,'admin','Visualizou base de contas','2020-11-14 18:45:19'),(405,1,'admin','Visualizou informaçoes sobre a conta 141','2020-11-14 18:45:22'),(406,1,'admin','Visualizou base de contas','2020-11-14 19:14:30'),(407,1,'admin','Visualizou base de cliente','2020-11-14 19:14:33'),(408,1,'admin','Visualizou base de usuários','2020-11-14 19:14:35'),(409,1,'admin','Visualizou base de usuários','2020-11-14 19:14:51'),(410,1,'admin','Visualizou Histórico','2020-11-14 19:15:13'),(411,1,'admin','Visualizou Arquivos Remessa','2020-11-14 19:15:16'),(412,1,'admin','Visualizou base de remessas','2020-11-14 19:15:18'),(413,1,'admin','Visualizou Arquivos Retorno','2020-11-14 19:15:22'),(414,1,'admin','Visualizou base de contas','2020-11-14 19:16:06'),(415,1,'admin','Visualizou informaçoes sobre a conta 111','2020-11-14 19:16:07'),(416,1,'admin','Visualizou base de cliente','2020-11-14 19:16:10'),(417,1,'admin','Visualizou informaçoes do cliente 30725000122','2020-11-14 19:16:12'),(418,1,'admin','Visualizou base de usuários','2020-11-14 19:16:20'),(419,1,'admin','Visualizou informações sobre o usuário 1','2020-11-14 19:16:21'),(420,1,'admin','Login','2020-11-14 19:33:26'),(421,1,'admin','Visualizou base de contas','2020-11-14 20:20:12'),(422,1,'admin','Visualizou informaçoes sobre a conta 141','2020-11-14 20:20:16'),(423,1,'admin','Renegociou a conta: 141','2020-11-14 20:20:19'),(424,1,'admin','Visualizou base de contas','2020-11-14 20:20:21'),(425,1,'admin','Visualizou informaçoes sobre a conta 111','2020-11-14 20:22:52'),(426,1,'admin','Visualizou base de cliente','2020-11-14 20:25:15'),(427,1,'admin','Visualizou base de cliente','2020-11-14 20:25:39'),(428,1,'admin','Visualizou base de cliente','2020-11-14 20:30:37'),(429,1,'admin','Visualizou informaçoes do cliente 30725000122','2020-11-14 20:30:39'),(430,1,'admin','Visualizou informaçoes do cliente 30725000122','2020-11-14 20:32:03'),(431,1,'admin','Visualizou informaçoes do cliente 30725000122','2020-11-14 20:32:13'),(432,1,'admin','Visualizou informaçoes do cliente 30725000122','2020-11-14 20:33:02'),(433,1,'admin','Visualizou informaçoes do cliente 30725000122','2020-11-14 20:33:41'),(434,1,'admin','Visualizou informaçoes do cliente 30725000122','2020-11-14 20:33:53'),(435,1,'admin','Visualizou base de usuários','2020-11-14 20:35:18'),(436,1,'admin','Visualizou informações sobre o usuário 1','2020-11-14 20:39:15'),(437,1,'admin','Visualizou Arquivos Remessa','2020-11-14 20:40:37'),(438,1,'admin','Visualizou Arquivos Remessa','2020-11-14 20:40:59'),(439,1,'admin','Visualizou Arquivos Remessa','2020-11-14 20:41:00'),(440,1,'admin','Visualizou Arquivos Remessa','2020-11-14 20:41:00'),(441,1,'admin','Visualizou Arquivos Remessa','2020-11-14 20:41:00'),(442,1,'admin','Visualizou Arquivos Remessa','2020-11-14 20:41:00'),(443,1,'admin','Visualizou Arquivos Remessa','2020-11-14 20:41:00'),(444,1,'admin','Visualizou Arquivos Remessa','2020-11-14 20:41:01'),(445,1,'admin','Visualizou Arquivos Remessa','2020-11-14 20:41:01'),(446,1,'admin','Visualizou Arquivos Remessa','2020-11-14 20:41:01'),(447,1,'admin','Visualizou Arquivos Remessa','2020-11-14 20:41:01'),(448,1,'admin','Visualizou Arquivos Remessa','2020-11-14 20:41:01'),(449,1,'admin','Visualizou Arquivos Remessa','2020-11-14 20:41:01'),(450,1,'admin','Visualizou Arquivos Remessa','2020-11-14 20:41:01'),(451,1,'admin','Visualizou Arquivos Remessa','2020-11-14 20:41:02'),(452,1,'admin','Visualizou Arquivos Remessa','2020-11-14 20:41:02'),(453,1,'admin','Visualizou Arquivos Remessa','2020-11-14 20:41:02'),(454,1,'admin','Visualizou Arquivos Remessa','2020-11-14 20:41:02'),(455,1,'admin','Visualizou base de remessas','2020-11-14 20:43:09'),(456,1,'admin','Visualizou Arquivos Retorno','2020-11-14 20:45:02'),(457,1,'admin','Visualizou Arquivos Retorno','2020-11-14 20:45:18'),(458,1,'admin','Visualizou Arquivos Retorno','2020-11-14 20:45:38'),(459,1,'admin','Visualizou Histórico','2020-11-14 20:51:55'),(460,1,'admin','Gerou relatório geral em PDF','2020-11-14 20:55:17'),(461,1,'admin','Gerou relatório geral em Excel','2020-11-14 20:56:28'),(462,1,'admin','Gerou relatório por situação em PDF','2020-11-14 21:01:27'),(463,1,'admin','Gerou relatório por cliente em PDF','2020-11-14 21:01:37'),(464,1,'admin','Gerou relatório geral em Excel','2020-11-14 21:01:58'),(465,1,'admin','Gerou relatório por situação em Excel','2020-11-14 21:03:24'),(466,1,'admin','Gerou relatório por clientes em Excel','2020-11-14 21:03:47');
/*!40000 ALTER TABLE `tb_movimentacao` ENABLE KEYS */;
UNLOCK TABLES;

--
-- Table structure for table `tb_usuario`
--

DROP TABLE IF EXISTS `tb_usuario`;
/*!40101 SET @saved_cs_client     = @@character_set_client */;
/*!50503 SET character_set_client = utf8mb4 */;
CREATE TABLE `tb_usuario` (
  `US_IDUSUARIO` int(11) NOT NULL,
  `US_NOME` varchar(30) COLLATE utf8_unicode_ci NOT NULL,
  `US_LOGIN` varchar(30) COLLATE utf8_unicode_ci NOT NULL,
  `US_SENHA` varchar(30) COLLATE utf8_unicode_ci NOT NULL,
  PRIMARY KEY (`US_IDUSUARIO`)
) ENGINE=InnoDB DEFAULT CHARSET=utf8 COLLATE=utf8_unicode_ci;
/*!40101 SET character_set_client = @saved_cs_client */;

--
-- Dumping data for table `tb_usuario`
--

LOCK TABLES `tb_usuario` WRITE;
/*!40000 ALTER TABLE `tb_usuario` DISABLE KEYS */;
INSERT INTO `tb_usuario` VALUES (1,'admin','admin','admin'),(123456,'Lucca Filipe da Rosa','luro_123456','654321'),(123457,'Rafaela Carolina Eduarda','raed_123457','754321'),(123458,'Juan Lorenzo Kaique da Rosa','juro_123458','854321'),(123459,'Adriana Isabel Porto','adpo_123459','954321'),(123460,'Luzia Patrícia','lupa_123460','064321'),(123461,'Emanuel Joaquim Porto','empo_123461','164321'),(123462,'Kaique Davi Teixeira','kate_123462','264321'),(123463,'Tânia Eloá','tael_123463','364321'),(123464,'Benício Fábio Teixeira','bete_123464','464321'),(123465,'Rayssa Aline Isabel','rais_123465','564321'),(123466,'Jorge Carlos Eduardo da Mata','joma_123466','664321');
/*!40000 ALTER TABLE `tb_usuario` ENABLE KEYS */;
UNLOCK TABLES;

--
-- Table structure for table `teste`
--

DROP TABLE IF EXISTS `teste`;
/*!40101 SET @saved_cs_client     = @@character_set_client */;
/*!50503 SET character_set_client = utf8mb4 */;
CREATE TABLE `teste` (
  `id` int(11) NOT NULL,
  `descricao` varchar(100) DEFAULT NULL,
  `data` datetime DEFAULT NULL,
  PRIMARY KEY (`id`)
) ENGINE=MyISAM DEFAULT CHARSET=latin1;
/*!40101 SET character_set_client = @saved_cs_client */;

--
-- Dumping data for table `teste`
--

LOCK TABLES `teste` WRITE;
/*!40000 ALTER TABLE `teste` DISABLE KEYS */;
INSERT INTO `teste` VALUES (1,'mudei',NULL),(2,'teste de data','2020-10-24 00:00:00'),(3,'teste data','2020-10-24 00:00:00'),(4,'teste data','2020-10-24 00:00:00'),(5,'teste data','2020-10-24 00:12:00'),(6,'teste multiinserçao1','2020-10-25 19:20:49'),(7,'teste multiinserçao2','2020-10-25 19:20:49'),(8,'teste multiinserçao3','2020-10-25 19:20:49');
/*!40000 ALTER TABLE `teste` ENABLE KEYS */;
UNLOCK TABLES;
/*!40103 SET TIME_ZONE=@OLD_TIME_ZONE */;

/*!40101 SET SQL_MODE=@OLD_SQL_MODE */;
/*!40014 SET FOREIGN_KEY_CHECKS=@OLD_FOREIGN_KEY_CHECKS */;
/*!40014 SET UNIQUE_CHECKS=@OLD_UNIQUE_CHECKS */;
/*!40101 SET CHARACTER_SET_CLIENT=@OLD_CHARACTER_SET_CLIENT */;
/*!40101 SET CHARACTER_SET_RESULTS=@OLD_CHARACTER_SET_RESULTS */;
/*!40101 SET COLLATION_CONNECTION=@OLD_COLLATION_CONNECTION */;
/*!40111 SET SQL_NOTES=@OLD_SQL_NOTES */;

-- Dump completed on 2020-11-14 21:32:08
